scaled_lat,scaled_lon,FFMC,DMC,DC,ISI,temp,RH,wind,rain,y
0.00051160,-134.88681900,86.20000000,26.20000000,94.30000000,5.10000000,8.20000000,51,6.70000000,0.00000000,0
0.00043180,-134.88687170,90.60000000,35.40000000,669.10000000,6.70000000,18.00000000,33,0.90000000,0.00000000,0
0.00028550,-134.88673320,90.60000000,43.70000000,686.90000000,6.70000000,14.60000000,33,1.30000000,0.00000000,0
0.00051980,-134.88670620,91.70000000,33.30000000,77.50000000,9.00000000,8.30000000,97,4.00000000,0.20000000,0
0.00060380,-134.88679580,89.30000000,51.30000000,102.20000000,9.60000000,11.40000000,99,1.80000000,0.00000000,0
0.00045060,-134.88666900,92.30000000,85.30000000,488.00000000,14.70000000,22.20000000,29,5.40000000,0.00000000,0
0.00058190,-134.88673270,92.30000000,88.90000000,495.60000000,8.50000000,24.10000000,27,3.10000000,0.00000000,0
0.00062200,-134.88670660,91.50000000,145.40000000,608.20000000,10.70000000,8.00000000,86,2.20000000,0.00000000,0
0.00048650,-134.88667450,91.00000000,129.50000000,692.60000000,7.00000000,13.10000000,63,5.40000000,0.00000000,0
0.00037720,-134.88676860,92.50000000,88.00000000,698.60000000,7.10000000,22.80000000,40,4.00000000,0.00000000,0
0.00054580,-134.88681090,92.50000000,88.00000000,698.60000000,7.10000000,17.80000000,51,7.20000000,0.00000000,0
0.00050620,-134.88687390,92.80000000,73.20000000,713.00000000,22.60000000,19.30000000,38,4.00000000,0.00000000,0
0.00038020,-134.88686730,63.50000000,70.80000000,665.30000000,0.80000000,17.00000000,72,6.70000000,0.00000000,0
0.00053610,-134.88683180,90.90000000,126.50000000,686.50000000,7.00000000,21.30000000,42,2.20000000,0.00000000,0
0.00035510,-134.88681410,92.90000000,133.30000000,699.60000000,9.20000000,26.40000000,21,4.50000000,0.00000000,0
0.00052680,-134.88688150,93.30000000,141.20000000,713.90000000,13.90000000,22.90000000,44,5.40000000,0.00000000,0
0.00047420,-134.88696800,91.70000000,35.80000000,80.80000000,7.80000000,15.10000000,27,5.40000000,0.00000000,0
0.00049850,-134.88665080,84.90000000,32.80000000,664.20000000,3.00000000,16.70000000,47,4.90000000,0.00000000,0
0.00033480,-134.88699940,89.20000000,27.90000000,70.80000000,6.30000000,15.90000000,35,4.00000000,0.00000000,0
0.00039120,-134.88697200,86.30000000,27.40000000,97.10000000,5.10000000,9.30000000,44,4.50000000,0.00000000,0
0.00033430,-134.88696610,91.00000000,129.50000000,692.60000000,7.00000000,18.30000000,40,2.70000000,0.00000000,0
0.00040790,-134.88700600,91.80000000,78.50000000,724.30000000,9.20000000,19.10000000,38,2.70000000,0.00000000,0
0.00040850,-134.88690090,94.30000000,96.30000000,200.00000000,56.10000000,21.00000000,44,4.50000000,0.00000000,0
0.00027700,-134.88681690,90.20000000,110.90000000,537.40000000,6.20000000,19.50000000,43,5.80000000,0.00000000,0
0.00045090,-134.88683300,93.50000000,139.40000000,594.20000000,20.30000000,23.70000000,32,5.80000000,0.00000000,0
0.00042010,-134.88688390,91.40000000,142.40000000,601.40000000,10.60000000,16.30000000,60,5.40000000,0.00000000,0
0.00043350,-134.88684120,92.40000000,117.90000000,668.00000000,12.20000000,19.00000000,34,5.80000000,0.00000000,0
0.00037720,-134.88676100,90.90000000,126.50000000,686.50000000,7.00000000,19.40000000,48,1.30000000,0.00000000,0
0.00034810,-134.88692570,93.40000000,145.40000000,721.40000000,8.10000000,30.20000000,24,2.70000000,0.00000000,0
0.00027950,-134.88683140,93.50000000,149.30000000,728.60000000,8.10000000,22.80000000,39,3.60000000,0.00000000,0
0.00026080,-134.88686680,94.30000000,85.10000000,692.30000000,15.90000000,25.40000000,24,3.60000000,0.00000000,0
0.00032070,-134.88681840,88.60000000,91.80000000,709.90000000,7.10000000,11.20000000,78,7.60000000,0.00000000,0
0.00034840,-134.88695130,88.60000000,69.70000000,706.80000000,5.80000000,20.60000000,37,1.80000000,0.00000000,0
0.00029780,-134.88687790,91.70000000,75.60000000,718.30000000,7.80000000,17.70000000,39,3.60000000,0.00000000,0
0.00026330,-134.88693240,91.80000000,78.50000000,724.30000000,9.20000000,21.20000000,32,2.70000000,0.00000000,0
0.00033390,-134.88686180,90.30000000,80.70000000,730.20000000,6.30000000,18.20000000,62,4.50000000,0.00000000,0
0.00032400,-134.88696560,90.60000000,35.40000000,669.10000000,6.70000000,21.70000000,24,4.50000000,0.00000000,0
0.00039410,-134.88686870,90.00000000,41.50000000,682.60000000,8.70000000,11.30000000,60,5.40000000,0.00000000,0
0.00023400,-134.88688570,90.60000000,43.70000000,686.90000000,6.70000000,17.80000000,27,4.00000000,0.00000000,0
0.00043860,-134.88704040,88.10000000,25.70000000,67.60000000,3.80000000,14.10000000,43,2.70000000,0.00000000,0
0.00045720,-134.88702270,79.50000000,60.60000000,366.70000000,1.50000000,23.30000000,37,3.10000000,0.00000000,0
0.00032980,-134.88712080,90.20000000,96.90000000,624.20000000,8.90000000,18.40000000,42,6.70000000,0.00000000,0
0.00039170,-134.88709440,94.80000000,108.30000000,647.10000000,17.00000000,16.60000000,54,5.40000000,0.00000000,0
0.00036170,-134.88704920,92.50000000,88.00000000,698.60000000,7.10000000,19.60000000,48,2.70000000,0.00000000,0
0.00043880,-134.88708890,90.10000000,82.90000000,735.70000000,6.20000000,12.90000000,74,4.90000000,0.00000000,0
0.00044600,-134.88700500,94.30000000,85.10000000,692.30000000,15.90000000,25.90000000,24,4.00000000,0.00000000,0
0.00063430,-134.88694770,90.90000000,126.50000000,686.50000000,7.00000000,14.70000000,70,3.60000000,0.00000000,0
0.00059810,-134.88695550,94.20000000,62.30000000,442.90000000,11.00000000,23.00000000,36,3.10000000,0.00000000,0
0.00035030,-134.88710530,87.20000000,23.90000000,64.70000000,4.10000000,11.80000000,35,1.80000000,0.00000000,0
0.00038030,-134.88709710,87.60000000,52.20000000,103.80000000,5.00000000,11.00000000,46,5.80000000,0.00000000,0
0.00036800,-134.88714290,92.90000000,137.00000000,706.40000000,9.20000000,20.80000000,17,1.30000000,0.00000000,0
0.00017880,-134.88717140,90.20000000,99.60000000,631.20000000,6.30000000,21.50000000,34,2.20000000,0.00000000,0
0.00017110,-134.88710650,92.10000000,111.20000000,654.10000000,9.60000000,20.40000000,42,4.90000000,0.00000000,0
0.00026360,-134.88713310,92.10000000,111.20000000,654.10000000,9.60000000,20.40000000,42,4.90000000,0.00000000,0
0.00022640,-134.88707750,91.70000000,114.30000000,661.30000000,6.30000000,17.60000000,45,3.60000000,0.00000000,0
0.00032400,-134.88701500,92.90000000,137.00000000,706.40000000,9.20000000,27.70000000,24,2.20000000,0.00000000,0
0.00026630,-134.88717630,90.30000000,80.70000000,730.20000000,6.30000000,17.80000000,63,4.90000000,0.00000000,0
0.00031300,-134.88711480,92.60000000,46.50000000,691.80000000,8.80000000,13.80000000,50,2.70000000,0.00000000,0
0.00012650,-134.88721560,84.00000000,9.30000000,34.00000000,2.10000000,13.90000000,40,5.40000000,0.00000000,0
0.00024130,-134.88722300,86.60000000,13.20000000,43.00000000,5.30000000,12.30000000,51,0.90000000,0.00000000,0
0.00010120,-134.88729590,89.30000000,51.30000000,102.20000000,9.60000000,11.50000000,39,5.80000000,0.00000000,0
0.00023700,-134.88718710,89.30000000,51.30000000,102.20000000,9.60000000,5.50000000,59,6.30000000,0.00000000,0
0.00011570,-134.88735190,93.00000000,75.30000000,466.60000000,7.70000000,18.80000000,35,4.90000000,0.00000000,0
0.00018900,-134.88734480,90.20000000,99.60000000,631.20000000,6.30000000,20.80000000,33,2.70000000,0.00000000,0
0.00015620,-134.88728830,91.10000000,103.20000000,638.80000000,5.80000000,23.10000000,31,3.10000000,0.00000000,0
0.00026430,-134.88728330,91.70000000,114.30000000,661.30000000,6.30000000,18.60000000,44,4.50000000,0.00000000,0
0.00014760,-134.88730830,92.40000000,117.90000000,668.00000000,12.20000000,23.00000000,37,4.50000000,0.00000000,0
0.00024000,-134.88731710,92.40000000,117.90000000,668.00000000,12.20000000,19.60000000,33,5.40000000,0.00000000,0
0.00009850,-134.88728120,92.40000000,117.90000000,668.00000000,12.20000000,19.60000000,33,6.30000000,0.00000000,0
0.00040770,-134.88708260,91.70000000,33.30000000,77.50000000,9.00000000,17.20000000,26,4.50000000,0.00000000,0
0.00043650,-134.88715550,91.20000000,48.30000000,97.80000000,12.50000000,15.80000000,27,7.60000000,0.00000000,0
0.00054360,-134.88704090,94.30000000,85.10000000,692.30000000,15.90000000,17.70000000,37,3.60000000,0.00000000,0
0.00039400,-134.88705360,91.70000000,33.30000000,77.50000000,9.00000000,15.60000000,25,6.30000000,0.00000000,0
0.00038450,-134.88703570,88.80000000,147.30000000,614.50000000,9.00000000,17.30000000,43,4.50000000,0.00000000,0
0.00035270,-134.88708430,93.30000000,141.20000000,713.90000000,13.90000000,27.60000000,30,1.30000000,0.00000000,0
0.00085130,-134.88660450,84.20000000,6.80000000,26.60000000,7.70000000,6.70000000,79,3.10000000,0.00000000,0
0.00075830,-134.88672750,86.60000000,13.20000000,43.00000000,5.30000000,15.70000000,43,3.10000000,0.00000000,0
0.00035680,-134.88734820,87.60000000,52.20000000,103.80000000,5.00000000,8.30000000,72,3.10000000,0.00000000,0
0.00019440,-134.88733420,90.10000000,108.00000000,529.80000000,12.50000000,14.70000000,66,2.70000000,0.00000000,0
0.00019750,-134.88728940,91.00000000,121.20000000,561.60000000,7.00000000,21.60000000,19,6.70000000,0.00000000,0
0.00010060,-134.88743720,91.40000000,142.40000000,601.40000000,10.60000000,19.50000000,39,6.30000000,0.00000000,0
0.00027910,-134.88725410,90.20000000,99.60000000,631.20000000,6.30000000,17.90000000,44,2.20000000,0.00000000,0
0.00013470,-134.88736570,94.80000000,108.30000000,647.10000000,17.00000000,18.60000000,51,4.50000000,0.00000000,0
0.00025560,-134.88734470,92.10000000,111.20000000,654.10000000,9.60000000,16.60000000,47,0.90000000,0.00000000,0
0.00017540,-134.88730210,91.70000000,114.30000000,661.30000000,6.30000000,20.20000000,45,3.60000000,0.00000000,0
0.00023040,-134.88736500,92.90000000,137.00000000,706.40000000,9.20000000,21.50000000,15,0.90000000,0.00000000,0
0.00027620,-134.88744760,92.90000000,137.00000000,706.40000000,9.20000000,25.40000000,27,2.20000000,0.00000000,0
0.00017260,-134.88732170,92.90000000,137.00000000,706.40000000,9.20000000,22.40000000,34,2.20000000,0.00000000,0
0.00018680,-134.88735810,93.50000000,149.30000000,728.60000000,8.10000000,25.30000000,36,3.60000000,0.00000000,0
0.00054370,-134.88686160,91.70000000,35.80000000,80.80000000,7.80000000,17.40000000,25,4.90000000,0.00000000,0
0.00049950,-134.88685700,90.20000000,96.90000000,624.20000000,8.90000000,14.70000000,59,5.80000000,0.00000000,0
0.00045230,-134.88666270,91.70000000,35.80000000,80.80000000,7.80000000,17.40000000,24,5.40000000,0.00000000,0
0.00054540,-134.88667480,92.30000000,85.30000000,488.00000000,14.70000000,20.80000000,32,6.30000000,0.00000000,0
0.00056520,-134.88680360,91.40000000,142.40000000,601.40000000,10.60000000,18.20000000,43,4.90000000,0.00000000,0
0.00051100,-134.88667630,91.10000000,103.20000000,638.80000000,5.80000000,23.40000000,22,2.70000000,0.00000000,0
0.00040520,-134.88701480,89.70000000,90.00000000,704.40000000,4.80000000,17.80000000,64,1.30000000,0.00000000,0
0.00044650,-134.88714020,83.90000000,8.00000000,30.20000000,2.60000000,12.70000000,48,1.80000000,0.00000000,0
0.00038590,-134.88713380,69.00000000,2.40000000,15.50000000,0.70000000,17.40000000,24,5.40000000,0.00000000,0
0.00041070,-134.88718040,91.40000000,142.40000000,601.40000000,10.60000000,11.60000000,87,4.50000000,0.00000000,0
0.00041040,-134.88724980,91.40000000,142.40000000,601.40000000,10.60000000,19.80000000,39,5.40000000,0.00000000,0
0.00044550,-134.88707750,91.40000000,142.40000000,601.40000000,10.60000000,19.80000000,39,5.40000000,0.00000000,0
0.00043500,-134.88710780,88.80000000,147.30000000,614.50000000,9.00000000,14.40000000,66,5.40000000,0.00000000,0
0.00030420,-134.88729740,94.80000000,108.30000000,647.10000000,17.00000000,20.10000000,40,4.00000000,0.00000000,0
0.00029630,-134.88729050,92.50000000,121.10000000,674.40000000,8.60000000,24.10000000,29,4.50000000,0.00000000,0
0.00041490,-134.88725050,82.10000000,3.70000000,9.30000000,2.90000000,5.30000000,78,3.10000000,0.00000000,0
0.00037390,-134.88698900,85.90000000,19.50000000,57.30000000,2.80000000,12.70000000,52,6.30000000,0.00000000,0
0.00044960,-134.88698130,91.40000000,30.70000000,74.30000000,7.50000000,18.20000000,29,3.10000000,0.00000000,0
0.00036110,-134.88716030,90.20000000,99.60000000,631.20000000,6.30000000,21.40000000,33,3.10000000,0.00000000,0
0.00043680,-134.88709160,92.50000000,88.00000000,698.60000000,7.10000000,20.30000000,45,3.10000000,0.00000000,0
0.00046510,-134.88702760,88.60000000,91.80000000,709.90000000,7.10000000,17.40000000,56,5.40000000,0.00000000,0
0.00036740,-134.88717040,85.90000000,19.50000000,57.30000000,2.80000000,13.70000000,43,5.80000000,0.00000000,0
0.00027850,-134.88726430,91.70000000,33.30000000,77.50000000,9.00000000,18.80000000,18,4.50000000,0.00000000,0
0.00032130,-134.88710070,89.70000000,90.00000000,704.40000000,4.80000000,22.80000000,39,3.60000000,0.00000000,0
0.00028680,-134.88712920,91.80000000,78.50000000,724.30000000,9.20000000,18.90000000,35,2.70000000,0.00000000,0
0.00030990,-134.88722870,88.10000000,25.70000000,67.60000000,3.80000000,15.80000000,27,7.60000000,0.00000000,0
0.00050200,-134.88722290,88.10000000,25.70000000,67.60000000,3.80000000,15.50000000,27,6.30000000,0.00000000,0
0.00044970,-134.88725940,91.70000000,35.80000000,80.80000000,7.80000000,11.60000000,30,6.30000000,0.00000000,0
0.00039430,-134.88707280,91.70000000,35.80000000,80.80000000,7.80000000,15.20000000,27,4.90000000,0.00000000,0
0.00040770,-134.88715960,90.10000000,39.70000000,86.60000000,6.20000000,10.60000000,30,4.00000000,0.00000000,0
0.00045220,-134.88721970,93.00000000,75.30000000,466.60000000,7.70000000,19.60000000,36,3.10000000,0.00000000,0
0.00043880,-134.88708340,91.50000000,145.40000000,608.20000000,10.70000000,10.30000000,74,2.20000000,0.00000000,0
0.00034880,-134.88717510,91.50000000,145.40000000,608.20000000,10.70000000,17.10000000,43,5.40000000,0.00000000,0
0.00045720,-134.88722470,92.40000000,124.10000000,680.70000000,8.50000000,22.50000000,42,5.40000000,0.00000000,0
0.00029520,-134.88717510,84.40000000,73.40000000,671.90000000,3.20000000,17.90000000,45,3.10000000,0.00000000,0
0.00037840,-134.88707510,94.30000000,85.10000000,692.30000000,15.90000000,19.80000000,50,5.40000000,0.00000000,0
0.00030080,-134.88718110,92.60000000,46.50000000,691.80000000,8.80000000,20.60000000,24,5.40000000,0.00000000,0
0.00046120,-134.88721020,87.60000000,52.20000000,103.80000000,5.00000000,9.00000000,49,2.20000000,0.00000000,0
0.00035960,-134.88715000,93.50000000,149.30000000,728.60000000,8.10000000,17.20000000,43,3.10000000,0.00000000,0
0.00050400,-134.88722900,91.40000000,37.90000000,673.80000000,5.20000000,15.90000000,46,3.60000000,0.00000000,0
0.00038900,-134.88720420,92.60000000,46.50000000,691.80000000,8.80000000,15.40000000,35,0.90000000,0.00000000,0
0.00046520,-134.88707860,68.20000000,21.50000000,87.20000000,0.80000000,15.40000000,40,2.70000000,0.00000000,0
0.00062220,-134.88699410,87.20000000,23.90000000,64.70000000,4.10000000,14.00000000,39,3.10000000,0.00000000,0
0.00051680,-134.88700070,89.30000000,51.30000000,102.20000000,9.60000000,10.60000000,46,4.90000000,0.00000000,0
0.00058760,-134.88715750,93.70000000,80.90000000,685.20000000,17.90000000,17.60000000,42,3.10000000,0.00000000,0
0.00036480,-134.88719190,88.10000000,25.70000000,67.60000000,3.80000000,14.90000000,38,2.70000000,0.00000000,0
0.00043080,-134.88711020,93.50000000,139.40000000,594.20000000,20.30000000,17.60000000,52,5.80000000,0.00000000,0
0.00054350,-134.88722770,92.40000000,124.10000000,680.70000000,8.50000000,17.20000000,58,1.30000000,0.00000000,0
0.00053590,-134.88709040,90.90000000,126.50000000,686.50000000,7.00000000,15.60000000,66,3.10000000,0.00000000,0
0.00075030,-134.88660980,85.80000000,48.30000000,313.40000000,3.90000000,18.00000000,42,2.70000000,0.00000000,1
0.00044920,-134.88731520,91.00000000,129.50000000,692.60000000,7.00000000,21.70000000,38,2.20000000,0.00000000,1
0.00035930,-134.88727080,90.90000000,126.50000000,686.50000000,7.00000000,21.90000000,39,1.80000000,0.00000000,1
0.00024270,-134.88732590,95.50000000,99.90000000,513.30000000,13.20000000,23.30000000,31,4.50000000,0.00000000,1
0.00047250,-134.88666610,90.10000000,108.00000000,529.80000000,12.50000000,21.20000000,51,8.90000000,0.00000000,1
0.00023950,-134.88728870,90.00000000,51.30000000,296.30000000,8.70000000,16.60000000,53,5.40000000,0.00000000,1
0.00049500,-134.88727810,95.50000000,99.90000000,513.30000000,13.20000000,23.80000000,32,5.40000000,0.00000000,1
0.00035140,-134.88693840,95.20000000,131.70000000,578.80000000,10.40000000,27.40000000,22,4.00000000,0.00000000,1
0.00039580,-134.88706920,90.10000000,39.70000000,86.60000000,6.20000000,13.20000000,40,5.40000000,0.00000000,1
0.00036330,-134.88665830,84.40000000,73.40000000,671.90000000,3.20000000,24.20000000,28,3.60000000,0.00000000,1
0.00016910,-134.88722860,94.80000000,108.30000000,647.10000000,17.00000000,17.40000000,43,6.70000000,0.00000000,1
0.00053100,-134.88669550,93.70000000,80.90000000,685.20000000,17.90000000,23.70000000,25,4.50000000,0.00000000,1
0.00052560,-134.88695050,92.50000000,56.40000000,433.30000000,7.10000000,23.20000000,39,5.40000000,0.00000000,1
0.00074230,-134.88672400,90.10000000,68.60000000,355.20000000,7.20000000,24.80000000,29,2.20000000,0.00000000,1
0.00035680,-134.88715050,90.10000000,51.20000000,424.10000000,6.20000000,24.60000000,43,1.80000000,0.00000000,1
0.00037650,-134.88699240,94.30000000,85.10000000,692.30000000,15.90000000,20.10000000,47,4.90000000,0.00000000,1
0.00047210,-134.88730400,93.40000000,145.40000000,721.40000000,8.10000000,29.60000000,27,2.70000000,0.00000000,1
0.00026130,-134.88672710,94.80000000,108.30000000,647.10000000,17.00000000,16.40000000,47,1.30000000,0.00000000,1
0.00043810,-134.88732680,93.40000000,145.40000000,721.40000000,8.10000000,28.60000000,27,2.20000000,0.00000000,1
0.00024560,-134.88732090,92.10000000,111.20000000,654.10000000,9.60000000,18.40000000,45,3.60000000,0.00000000,1
0.00043500,-134.88723390,92.10000000,111.20000000,654.10000000,9.60000000,20.50000000,35,4.00000000,0.00000000,1
0.00044770,-134.88689850,92.40000000,117.90000000,668.00000000,12.20000000,19.00000000,34,5.80000000,0.00000000,1
0.00038490,-134.88672890,90.10000000,39.70000000,86.60000000,6.20000000,16.10000000,29,3.10000000,0.00000000,1
0.00029570,-134.88693720,95.20000000,131.70000000,578.80000000,10.40000000,20.30000000,41,4.00000000,0.00000000,1
0.00019640,-134.88692240,90.60000000,50.10000000,100.40000000,7.80000000,15.20000000,31,8.50000000,0.00000000,1
0.00061630,-134.88666700,92.50000000,121.10000000,674.40000000,8.60000000,17.80000000,56,1.80000000,0.00000000,1
0.00047060,-134.88664760,89.70000000,90.00000000,704.40000000,4.80000000,17.80000000,67,2.20000000,0.00000000,1
0.00055050,-134.88694140,84.90000000,18.20000000,55.00000000,3.00000000,5.30000000,70,4.50000000,0.00000000,1
0.00050100,-134.88685440,92.10000000,111.20000000,654.10000000,9.60000000,16.60000000,47,0.90000000,0.00000000,1
0.00046180,-134.88685440,96.00000000,127.10000000,570.50000000,16.50000000,23.40000000,33,4.50000000,0.00000000,1
0.00049910,-134.88693620,91.20000000,48.30000000,97.80000000,12.50000000,14.60000000,26,9.40000000,0.00000000,1
0.00052390,-134.88680810,95.20000000,131.70000000,578.80000000,10.40000000,20.70000000,45,2.20000000,0.00000000,1
0.00034740,-134.88707540,92.90000000,133.30000000,699.60000000,9.20000000,21.90000000,35,1.80000000,0.00000000,1
0.00061120,-134.88671040,85.60000000,90.40000000,609.60000000,6.60000000,17.40000000,50,4.00000000,0.00000000,1
0.00041690,-134.88678510,91.40000000,142.40000000,601.40000000,10.60000000,20.10000000,39,5.40000000,0.00000000,1
0.00030310,-134.88717240,90.90000000,126.50000000,686.50000000,7.00000000,17.70000000,39,2.20000000,0.00000000,1
0.00042880,-134.88735520,90.20000000,96.90000000,624.20000000,8.90000000,14.20000000,53,1.80000000,0.00000000,1
0.00045650,-134.88726910,90.20000000,96.90000000,624.20000000,8.90000000,20.30000000,39,4.90000000,0.00000000,1
0.00042310,-134.88697090,81.50000000,9.10000000,55.20000000,2.70000000,5.80000000,54,5.80000000,0.00000000,1
0.00036170,-134.88724970,90.20000000,99.60000000,631.20000000,6.30000000,19.20000000,44,2.70000000,0.00000000,1
0.00048120,-134.88719320,90.10000000,82.90000000,735.70000000,6.20000000,18.30000000,45,2.20000000,0.00000000,1
0.00058520,-134.88679480,88.80000000,147.30000000,614.50000000,9.00000000,14.40000000,66,5.40000000,0.00000000,1
0.00036680,-134.88738070,92.40000000,124.10000000,680.70000000,8.50000000,23.90000000,32,6.70000000,0.00000000,1
0.00059330,-134.88682120,84.90000000,32.80000000,664.20000000,3.00000000,19.10000000,32,4.00000000,0.00000000,1
0.00034660,-134.88708330,86.80000000,15.60000000,48.30000000,3.90000000,12.40000000,53,2.20000000,0.00000000,1
0.00028560,-134.88672750,91.70000000,48.50000000,696.10000000,11.10000000,16.80000000,45,4.50000000,0.00000000,1
0.00044600,-134.88666260,93.90000000,135.70000000,586.70000000,15.10000000,20.80000000,34,4.90000000,0.00000000,1
0.00049540,-134.88721050,91.00000000,129.50000000,692.60000000,7.00000000,17.60000000,46,3.10000000,0.00000000,1
0.00053690,-134.88667190,89.30000000,51.30000000,102.20000000,9.60000000,11.50000000,39,5.80000000,0.00000000,1
0.00044690,-134.88737010,90.90000000,126.50000000,686.50000000,7.00000000,21.00000000,42,2.20000000,0.00000000,1
0.00034890,-134.88687840,90.80000000,41.90000000,89.40000000,7.90000000,13.30000000,42,0.90000000,0.00000000,1
0.00040640,-134.88671530,90.70000000,44.00000000,92.40000000,5.50000000,11.50000000,60,4.00000000,0.00000000,1
0.00054410,-134.88697840,91.20000000,48.30000000,97.80000000,12.50000000,11.70000000,33,4.00000000,0.00000000,1
0.00035180,-134.88728000,95.20000000,131.70000000,578.80000000,10.40000000,24.20000000,28,2.70000000,0.00000000,1
0.00017840,-134.88720290,94.80000000,108.30000000,647.10000000,17.00000000,24.60000000,22,4.50000000,0.00000000,1
0.00041120,-134.88711850,92.90000000,133.30000000,699.60000000,9.20000000,24.30000000,25,4.00000000,0.00000000,1
0.00009710,-134.88716220,94.80000000,108.30000000,647.10000000,17.00000000,24.60000000,22,4.50000000,0.00000000,1
0.00047140,-134.88728300,93.90000000,135.70000000,586.70000000,15.10000000,23.50000000,36,5.40000000,0.00000000,1
0.00047480,-134.88680150,81.50000000,9.10000000,55.20000000,2.70000000,5.80000000,54,5.80000000,0.00000000,1
0.00035360,-134.88710780,92.90000000,137.00000000,706.40000000,9.20000000,21.50000000,15,0.90000000,0.00000000,1
0.00040850,-134.88722390,91.00000000,129.50000000,692.60000000,7.00000000,13.90000000,59,6.30000000,0.00000000,1
0.00038840,-134.88716120,63.50000000,70.80000000,665.30000000,0.80000000,22.60000000,38,3.60000000,0.00000000,1
0.00043570,-134.88742370,91.00000000,129.50000000,692.60000000,7.00000000,21.60000000,33,2.20000000,0.00000000,1
0.00050460,-134.88681800,90.10000000,37.60000000,83.70000000,7.20000000,12.40000000,54,3.60000000,0.00000000,1
0.00043410,-134.88689300,83.90000000,8.70000000,32.10000000,2.10000000,8.80000000,68,2.20000000,0.00000000,1
0.00052010,-134.88674270,91.40000000,37.90000000,673.80000000,5.20000000,20.20000000,37,2.70000000,0.00000000,1
0.00050630,-134.88705180,90.60000000,50.10000000,100.40000000,7.80000000,15.10000000,64,4.00000000,0.00000000,1
0.00046250,-134.88711790,92.90000000,137.00000000,706.40000000,9.20000000,22.10000000,34,1.80000000,0.00000000,1
0.00025970,-134.88729280,93.50000000,139.40000000,594.20000000,20.30000000,22.90000000,31,7.20000000,0.00000000,1
0.00047450,-134.88678800,91.00000000,129.50000000,692.60000000,7.00000000,20.70000000,37,2.20000000,0.00000000,1
0.00049870,-134.88688690,92.40000000,117.90000000,668.00000000,12.20000000,19.60000000,33,6.30000000,0.00000000,1
0.00021070,-134.88682090,93.70000000,80.90000000,685.20000000,17.90000000,23.20000000,26,4.90000000,0.00000000,1
0.00031450,-134.88717200,90.60000000,43.70000000,686.90000000,6.70000000,18.40000000,25,3.10000000,0.00000000,1
0.00041780,-134.88682010,93.50000000,139.40000000,594.20000000,20.30000000,5.10000000,96,5.80000000,0.00000000,1
0.00037950,-134.88672280,94.30000000,85.10000000,692.30000000,15.90000000,20.10000000,47,4.90000000,0.00000000,1
0.00035210,-134.88686630,87.60000000,52.20000000,103.80000000,5.00000000,11.00000000,46,5.80000000,0.00000000,1
0.00045140,-134.88698270,91.70000000,35.80000000,80.80000000,7.80000000,17.00000000,27,4.90000000,0.00000000,1
0.00038920,-134.88717320,91.70000000,35.80000000,80.80000000,7.80000000,17.00000000,27,4.90000000,0.00000000,1
0.00038870,-134.88703040,92.40000000,124.10000000,680.70000000,8.50000000,16.90000000,60,1.30000000,0.00000000,1
0.00036100,-134.88741150,88.60000000,91.80000000,709.90000000,7.10000000,12.40000000,73,6.30000000,0.00000000,1
0.00049600,-134.88703040,92.90000000,133.30000000,699.60000000,9.20000000,19.40000000,19,1.30000000,0.00000000,1
0.00041210,-134.88690080,90.10000000,39.70000000,86.60000000,6.20000000,15.20000000,27,3.10000000,0.00000000,1
0.00053010,-134.88673990,90.20000000,99.60000000,631.20000000,6.30000000,16.20000000,59,3.10000000,0.00000000,1
0.00033510,-134.88710270,93.30000000,141.20000000,713.90000000,13.90000000,18.60000000,49,3.60000000,0.00000000,1
0.00029450,-134.88698460,87.60000000,52.20000000,103.80000000,5.00000000,11.00000000,46,5.80000000,0.00000000,1
0.00009640,-134.88728720,88.30000000,150.30000000,309.90000000,6.80000000,13.40000000,79,3.60000000,0.00000000,1
0.00029540,-134.88685430,90.10000000,82.90000000,735.70000000,6.20000000,15.40000000,57,4.50000000,0.00000000,1
0.00039800,-134.88708150,93.50000000,149.30000000,728.60000000,8.10000000,22.90000000,39,4.90000000,0.00000000,1
0.00050400,-134.88674530,91.70000000,48.50000000,696.10000000,11.10000000,16.10000000,44,4.00000000,0.00000000,1
0.00054140,-134.88674540,92.20000000,81.80000000,480.80000000,11.90000000,20.10000000,34,4.50000000,0.00000000,1
0.00058320,-134.88716520,93.50000000,149.30000000,728.60000000,8.10000000,28.30000000,26,3.10000000,0.00000000,1
0.00053060,-134.88672790,92.20000000,81.80000000,480.80000000,11.90000000,16.40000000,43,4.00000000,0.00000000,1
0.00028870,-134.88707070,92.90000000,133.30000000,699.60000000,9.20000000,26.40000000,21,4.50000000,0.00000000,1
0.00036540,-134.88725040,93.50000000,149.30000000,728.60000000,8.10000000,27.80000000,27,3.10000000,0.00000000,1
0.00042060,-134.88695300,91.00000000,129.50000000,692.60000000,7.00000000,18.70000000,43,2.70000000,0.00000000,1
0.00045250,-134.88672160,84.40000000,73.40000000,671.90000000,3.20000000,24.30000000,36,3.10000000,0.00000000,1
0.00044480,-134.88711200,92.50000000,121.10000000,674.40000000,8.60000000,17.70000000,25,3.10000000,0.00000000,1
0.00055320,-134.88670820,91.40000000,142.40000000,601.40000000,10.60000000,19.60000000,41,5.80000000,0.00000000,1
0.00023020,-134.88731020,92.50000000,121.10000000,674.40000000,8.60000000,18.20000000,46,1.80000000,0.00000000,1
0.00011830,-134.88735880,91.00000000,129.50000000,692.60000000,7.00000000,18.80000000,40,2.20000000,0.00000000,1
0.00053440,-134.88694740,92.50000000,121.10000000,674.40000000,8.60000000,25.10000000,27,4.00000000,0.00000000,1
0.00041440,-134.88676270,81.90000000,3.00000000,7.90000000,3.50000000,13.40000000,75,1.80000000,0.00000000,0
0.00022140,-134.88688990,88.00000000,17.20000000,43.50000000,3.80000000,15.20000000,51,2.70000000,0.00000000,0
0.00027120,-134.88714230,83.00000000,23.30000000,85.30000000,2.30000000,16.70000000,20,3.10000000,0.00000000,0
0.00035560,-134.88733960,94.20000000,122.30000000,589.90000000,12.90000000,15.40000000,66,4.00000000,0.00000000,1
0.00029010,-134.88679470,91.80000000,175.10000000,700.70000000,13.80000000,21.90000000,73,7.60000000,1.00000000,0
0.00030630,-134.88721120,91.80000000,175.10000000,700.70000000,13.80000000,22.40000000,54,7.60000000,0.00000000,1
0.00034660,-134.88716160,91.80000000,175.10000000,700.70000000,13.80000000,26.80000000,38,6.30000000,0.00000000,1
0.00033160,-134.88692970,91.80000000,175.10000000,700.70000000,13.80000000,25.70000000,39,5.40000000,0.00000000,1
0.00040180,-134.88728440,92.20000000,91.60000000,503.60000000,9.60000000,20.70000000,70,2.20000000,0.00000000,1
0.00049180,-134.88663900,93.10000000,157.30000000,666.70000000,13.50000000,28.70000000,28,2.70000000,0.00000000,0
0.00044190,-134.88720200,93.10000000,157.30000000,666.70000000,13.50000000,21.70000000,40,0.40000000,0.00000000,1
0.00054610,-134.88675640,93.10000000,157.30000000,666.70000000,13.50000000,26.80000000,25,3.10000000,0.00000000,1
0.00053940,-134.88674160,93.10000000,157.30000000,666.70000000,13.50000000,24.00000000,36,3.10000000,0.00000000,1
0.00051120,-134.88697600,93.10000000,157.30000000,666.70000000,13.50000000,22.10000000,37,3.60000000,0.00000000,1
0.00044120,-134.88681860,91.90000000,109.20000000,565.50000000,8.00000000,21.40000000,38,2.70000000,0.00000000,1
0.00027800,-134.88692280,91.60000000,138.10000000,621.70000000,6.30000000,18.90000000,41,3.10000000,0.00000000,1
0.00039780,-134.88734800,87.50000000,77.00000000,694.80000000,5.00000000,22.30000000,46,4.00000000,0.00000000,0
0.00056970,-134.88671000,94.20000000,117.20000000,581.10000000,11.00000000,23.90000000,41,2.20000000,0.00000000,1
0.00021850,-134.88702930,94.20000000,117.20000000,581.10000000,11.00000000,21.40000000,44,2.70000000,0.00000000,1
0.00031370,-134.88721960,91.80000000,170.90000000,692.30000000,13.70000000,20.60000000,59,0.90000000,0.00000000,0
0.00027670,-134.88673550,91.80000000,170.90000000,692.30000000,13.70000000,23.70000000,40,1.80000000,0.00000000,1
0.00035160,-134.88722970,93.60000000,97.90000000,542.00000000,14.40000000,28.30000000,32,4.00000000,0.00000000,1
0.00042180,-134.88717780,91.60000000,112.40000000,573.00000000,8.90000000,11.20000000,84,7.60000000,0.00000000,1
0.00039120,-134.88727400,91.60000000,112.40000000,573.00000000,8.90000000,21.40000000,42,3.10000000,0.00000000,1
0.00018420,-134.88697890,91.10000000,141.10000000,629.10000000,7.10000000,19.30000000,39,3.60000000,0.00000000,1
0.00044420,-134.88705090,94.30000000,167.60000000,684.40000000,13.00000000,21.80000000,53,3.10000000,0.00000000,1
0.00029050,-134.88702430,93.70000000,102.20000000,550.30000000,14.60000000,22.10000000,54,7.60000000,0.00000000,1
0.00042270,-134.88689550,94.30000000,131.70000000,607.10000000,22.70000000,19.40000000,55,4.00000000,0.00000000,1
0.00011060,-134.88724150,92.10000000,152.60000000,658.20000000,14.30000000,23.70000000,24,3.10000000,0.00000000,0
0.00030940,-134.88717350,92.10000000,152.60000000,658.20000000,14.30000000,21.00000000,32,3.10000000,0.00000000,0
0.00038890,-134.88714000,92.10000000,152.60000000,658.20000000,14.30000000,19.10000000,53,2.70000000,0.00000000,1
0.00019600,-134.88717870,92.10000000,152.60000000,658.20000000,14.30000000,21.80000000,56,3.10000000,0.00000000,1
0.00053720,-134.88677890,92.10000000,152.60000000,658.20000000,14.30000000,20.10000000,58,4.50000000,0.00000000,1
0.00038020,-134.88725880,92.10000000,152.60000000,658.20000000,14.30000000,20.20000000,47,4.00000000,0.00000000,1
0.00062190,-134.88708090,84.40000000,27.20000000,353.50000000,6.80000000,4.80000000,57,8.50000000,0.00000000,1
0.00048160,-134.88675030,84.00000000,27.80000000,354.60000000,5.30000000,5.10000000,61,8.00000000,0.00000000,1
0.00050500,-134.88713160,84.60000000,26.40000000,352.00000000,2.00000000,5.10000000,61,4.90000000,0.00000000,1
0.00044940,-134.88711740,85.40000000,25.40000000,349.70000000,2.60000000,4.60000000,21,8.50000000,0.00000000,1
0.00033980,-134.88720110,85.40000000,25.40000000,349.70000000,2.60000000,4.60000000,21,8.50000000,0.00000000,1
0.00027410,-134.88698170,85.40000000,25.40000000,349.70000000,2.60000000,4.60000000,21,8.50000000,0.00000000,1
0.00031120,-134.88702750,85.40000000,25.40000000,349.70000000,2.60000000,4.60000000,21,8.50000000,0.00000000,1
0.00048980,-134.88707730,84.70000000,26.70000000,352.60000000,4.10000000,2.20000000,59,4.90000000,0.00000000,1
0.00043950,-134.88697650,85.40000000,25.40000000,349.70000000,2.60000000,5.10000000,24,8.50000000,0.00000000,1
0.00027860,-134.88696090,84.90000000,27.50000000,353.50000000,3.40000000,4.20000000,51,4.00000000,0.00000000,0
0.00035630,-134.88715330,86.90000000,6.60000000,18.70000000,3.20000000,8.80000000,35,3.10000000,0.00000000,1
0.00028740,-134.88708560,85.20000000,4.90000000,15.80000000,6.30000000,7.50000000,46,8.00000000,0.00000000,1
0.00035660,-134.88733620,93.90000000,169.70000000,411.80000000,12.30000000,23.40000000,40,6.30000000,0.00000000,0
0.00049490,-134.88676200,91.20000000,183.10000000,437.70000000,12.50000000,12.60000000,90,7.60000000,0.20000000,0
0.00043740,-134.88688920,91.60000000,104.20000000,474.90000000,9.00000000,22.10000000,49,2.70000000,0.00000000,0
0.00036120,-134.88676570,91.60000000,104.20000000,474.90000000,9.00000000,24.20000000,32,1.80000000,0.00000000,0
0.00042590,-134.88690300,91.60000000,104.20000000,474.90000000,9.00000000,24.30000000,30,1.80000000,0.00000000,0
0.00049560,-134.88728070,91.60000000,104.20000000,474.90000000,9.00000000,18.70000000,53,1.80000000,0.00000000,0
0.00042100,-134.88660690,91.60000000,104.20000000,474.90000000,9.00000000,25.30000000,39,0.90000000,0.00000000,1
0.00052060,-134.88712600,91.60000000,100.20000000,466.30000000,6.30000000,22.90000000,40,1.30000000,0.00000000,1
0.00059180,-134.88679550,93.10000000,180.40000000,430.80000000,11.00000000,26.90000000,28,5.40000000,0.00000000,1
0.00059460,-134.88665970,92.30000000,88.80000000,440.90000000,8.50000000,17.10000000,67,3.60000000,0.00000000,1
0.00040460,-134.88684280,93.10000000,180.40000000,430.80000000,11.00000000,22.20000000,48,1.30000000,0.00000000,0
0.00040920,-134.88698790,90.40000000,89.50000000,290.80000000,6.40000000,14.30000000,46,1.80000000,0.00000000,1
0.00057330,-134.88681660,90.40000000,89.50000000,290.80000000,6.40000000,15.40000000,45,2.20000000,0.00000000,0
0.00051440,-134.88663390,91.20000000,147.80000000,377.20000000,12.70000000,19.60000000,43,4.90000000,0.00000000,0
0.00046750,-134.88689500,53.40000000,71.00000000,233.80000000,0.40000000,10.60000000,90,2.70000000,0.00000000,0
0.00041780,-134.88692380,90.40000000,93.30000000,298.10000000,7.50000000,20.70000000,25,4.90000000,0.00000000,0
0.00041140,-134.88691490,90.40000000,93.30000000,298.10000000,7.50000000,19.10000000,39,5.40000000,0.00000000,1
0.00047630,-134.88726080,91.10000000,94.10000000,232.10000000,7.10000000,19.20000000,38,4.50000000,0.00000000,0
0.00060250,-134.88726940,91.10000000,94.10000000,232.10000000,7.10000000,19.20000000,38,4.50000000,0.00000000,0
0.00038300,-134.88692790,85.10000000,28.00000000,113.80000000,3.50000000,11.30000000,94,4.90000000,0.00000000,0
0.00033470,-134.88741460,89.60000000,84.10000000,714.30000000,5.70000000,19.00000000,52,2.20000000,0.00000000,0
0.00043380,-134.88677400,89.60000000,84.10000000,714.30000000,5.70000000,17.10000000,53,5.40000000,0.00000000,1
0.00038840,-134.88718610,89.60000000,84.10000000,714.30000000,5.70000000,23.80000000,35,3.60000000,0.00000000,1
0.00028440,-134.88731610,92.40000000,105.80000000,758.10000000,9.90000000,16.00000000,45,1.80000000,0.00000000,0
0.00027040,-134.88725900,92.40000000,105.80000000,758.10000000,9.90000000,24.90000000,27,2.20000000,0.00000000,0
0.00040500,-134.88672100,92.40000000,105.80000000,758.10000000,9.90000000,25.30000000,27,2.70000000,0.00000000,0
0.00020290,-134.88680380,92.40000000,105.80000000,758.10000000,9.90000000,24.80000000,28,1.80000000,0.00000000,1
0.00027740,-134.88720480,50.40000000,46.20000000,706.60000000,0.40000000,12.20000000,78,6.30000000,0.00000000,0
0.00048700,-134.88695490,92.60000000,115.40000000,777.10000000,8.80000000,24.30000000,27,4.90000000,0.00000000,0
0.00037980,-134.88702100,92.60000000,115.40000000,777.10000000,8.80000000,19.70000000,41,1.80000000,0.00000000,1
0.00026680,-134.88724210,91.20000000,134.70000000,817.50000000,7.20000000,18.50000000,30,2.70000000,0.00000000,0
0.00042740,-134.88716620,92.40000000,96.20000000,739.40000000,8.60000000,18.60000000,24,5.80000000,0.00000000,0
0.00040290,-134.88713210,92.40000000,96.20000000,739.40000000,8.60000000,19.20000000,24,4.90000000,0.00000000,1
0.00052010,-134.88694710,92.80000000,119.00000000,783.50000000,7.50000000,21.60000000,27,2.20000000,0.00000000,0
0.00038090,-134.88697060,92.80000000,119.00000000,783.50000000,7.50000000,21.60000000,28,6.30000000,0.00000000,1
0.00029620,-134.88689480,92.80000000,119.00000000,783.50000000,7.50000000,18.90000000,34,7.20000000,0.00000000,1
0.00033350,-134.88728930,92.80000000,119.00000000,783.50000000,7.50000000,16.80000000,28,4.00000000,0.00000000,1
0.00047980,-134.88694860,92.80000000,119.00000000,783.50000000,7.50000000,16.80000000,28,4.00000000,0.00000000,1
0.00039190,-134.88726740,90.70000000,136.90000000,822.80000000,6.80000000,12.90000000,39,2.70000000,0.00000000,1
0.00038900,-134.88680520,88.10000000,53.30000000,726.90000000,5.40000000,13.70000000,56,1.80000000,0.00000000,1
0.00035760,-134.88743080,92.20000000,102.30000000,751.50000000,8.40000000,24.20000000,27,3.10000000,0.00000000,0
0.00037010,-134.88705420,92.20000000,102.30000000,751.50000000,8.40000000,24.10000000,27,3.10000000,0.00000000,0
0.00045030,-134.88689740,92.20000000,102.30000000,751.50000000,8.40000000,21.20000000,32,2.20000000,0.00000000,0
0.00045160,-134.88680750,92.20000000,102.30000000,751.50000000,8.40000000,19.70000000,35,1.80000000,0.00000000,0
0.00030930,-134.88710530,92.20000000,102.30000000,751.50000000,8.40000000,23.50000000,27,4.00000000,0.00000000,1
0.00026030,-134.88720260,92.20000000,102.30000000,751.50000000,8.40000000,24.20000000,27,3.10000000,0.00000000,1
0.00032930,-134.88690870,91.20000000,124.40000000,795.30000000,8.50000000,21.50000000,28,4.50000000,0.00000000,1
0.00039600,-134.88706820,91.20000000,124.40000000,795.30000000,8.50000000,17.10000000,41,2.20000000,0.00000000,1
0.00028020,-134.88743400,92.10000000,87.70000000,721.10000000,9.50000000,18.10000000,54,3.10000000,0.00000000,1
0.00021160,-134.88734480,91.60000000,108.40000000,764.00000000,6.20000000,18.00000000,51,5.40000000,0.00000000,0
0.00033850,-134.88715440,91.60000000,108.40000000,764.00000000,6.20000000,9.80000000,86,1.80000000,0.00000000,0
0.00034690,-134.88672840,91.60000000,108.40000000,764.00000000,6.20000000,19.30000000,44,2.20000000,0.00000000,0
0.00020460,-134.88680300,91.60000000,108.40000000,764.00000000,6.20000000,23.00000000,34,2.20000000,0.00000000,1
0.00057250,-134.88678180,91.60000000,108.40000000,764.00000000,6.20000000,22.70000000,35,2.20000000,0.00000000,1
0.00045060,-134.88735610,91.60000000,108.40000000,764.00000000,6.20000000,20.40000000,41,1.80000000,0.00000000,1
0.00044240,-134.88726990,91.60000000,108.40000000,764.00000000,6.20000000,19.30000000,44,2.20000000,0.00000000,1
0.00046490,-134.88680270,91.90000000,111.70000000,770.30000000,6.50000000,15.70000000,51,2.20000000,0.00000000,0
0.00028300,-134.88685130,91.50000000,130.10000000,807.10000000,7.50000000,20.60000000,37,1.80000000,0.00000000,0
0.00060040,-134.88666340,91.50000000,130.10000000,807.10000000,7.50000000,15.90000000,51,4.50000000,0.00000000,1
0.00018280,-134.88694140,91.50000000,130.10000000,807.10000000,7.50000000,12.20000000,66,4.90000000,0.00000000,1
0.00011510,-134.88729990,91.50000000,130.10000000,807.10000000,7.50000000,16.80000000,43,3.10000000,0.00000000,1
0.00030210,-134.88739200,91.50000000,130.10000000,807.10000000,7.50000000,21.30000000,35,2.20000000,0.00000000,1
0.00031400,-134.88696130,92.10000000,99.00000000,745.30000000,9.60000000,10.10000000,75,3.60000000,0.00000000,0
0.00033360,-134.88715450,92.10000000,99.00000000,745.30000000,9.60000000,17.40000000,57,4.50000000,0.00000000,0
0.00035250,-134.88703130,92.10000000,99.00000000,745.30000000,9.60000000,12.80000000,64,3.60000000,0.00000000,1
0.00035390,-134.88701650,92.10000000,99.00000000,745.30000000,9.60000000,10.10000000,75,3.60000000,0.00000000,1
0.00034940,-134.88718010,92.10000000,99.00000000,745.30000000,9.60000000,15.40000000,53,6.30000000,0.00000000,1
0.00026690,-134.88684040,92.10000000,99.00000000,745.30000000,9.60000000,20.60000000,43,3.60000000,0.00000000,1
0.00035190,-134.88675880,92.10000000,99.00000000,745.30000000,9.60000000,19.80000000,47,2.70000000,0.00000000,1
0.00038750,-134.88682190,92.10000000,99.00000000,745.30000000,9.60000000,18.70000000,50,2.20000000,0.00000000,1
0.00041770,-134.88714200,92.10000000,99.00000000,745.30000000,9.60000000,20.80000000,35,4.90000000,0.00000000,1
0.00032600,-134.88713820,92.10000000,99.00000000,745.30000000,9.60000000,20.80000000,35,4.90000000,0.00000000,1
0.00026980,-134.88685560,92.50000000,122.00000000,789.70000000,10.20000000,15.90000000,55,3.60000000,0.00000000,0
0.00028360,-134.88681070,92.50000000,122.00000000,789.70000000,10.20000000,19.70000000,39,2.70000000,0.00000000,0
0.00040220,-134.88733570,92.50000000,122.00000000,789.70000000,10.20000000,21.10000000,39,2.20000000,0.00000000,1
0.00054190,-134.88698000,92.50000000,122.00000000,789.70000000,10.20000000,18.40000000,42,2.20000000,0.00000000,1
0.00035670,-134.88702090,92.50000000,122.00000000,789.70000000,10.20000000,17.30000000,45,4.00000000,0.00000000,1
0.00029150,-134.88683640,88.20000000,55.20000000,732.30000000,11.60000000,15.20000000,64,3.10000000,0.00000000,1
0.00021890,-134.88717130,91.90000000,111.70000000,770.30000000,6.50000000,15.90000000,53,2.20000000,0.00000000,1
0.00054860,-134.88699070,91.90000000,111.70000000,770.30000000,6.50000000,21.10000000,35,2.70000000,0.00000000,1
0.00053200,-134.88682880,91.90000000,111.70000000,770.30000000,6.50000000,19.60000000,45,3.10000000,0.00000000,1
0.00038760,-134.88710060,91.10000000,132.30000000,812.10000000,12.50000000,15.90000000,38,5.40000000,0.00000000,1
0.00054250,-134.88715690,91.10000000,132.30000000,812.10000000,12.50000000,16.40000000,27,3.60000000,0.00000000,0
0.00047250,-134.88689150,91.20000000,94.30000000,744.40000000,8.40000000,16.80000000,47,4.90000000,0.00000000,1
0.00052840,-134.88711400,91.00000000,276.30000000,825.10000000,7.10000000,13.80000000,77,7.60000000,0.00000000,0
0.00040010,-134.88680880,91.00000000,276.30000000,825.10000000,7.10000000,13.80000000,77,7.60000000,0.00000000,1
0.00040330,-134.88707140,91.90000000,133.60000000,520.50000000,8.00000000,14.20000000,58,4.00000000,0.00000000,0
0.00042070,-134.88713160,92.00000000,203.20000000,664.50000000,8.10000000,10.40000000,75,0.90000000,0.00000000,0
0.00034380,-134.88705550,94.80000000,222.40000000,698.60000000,13.90000000,20.30000000,42,2.70000000,0.00000000,0
0.00050540,-134.88689840,90.30000000,290.00000000,855.30000000,7.40000000,10.30000000,78,4.00000000,0.00000000,1
0.00047110,-134.88684260,91.20000000,94.30000000,744.40000000,8.40000000,15.40000000,57,4.90000000,0.00000000,1
0.00050280,-134.88667040,92.10000000,207.00000000,672.60000000,8.20000000,21.10000000,54,2.20000000,0.00000000,0
0.00024470,-134.88723070,93.70000000,231.10000000,715.10000000,8.40000000,21.90000000,42,2.20000000,0.00000000,1
0.00052030,-134.88696560,90.90000000,18.90000000,30.60000000,8.00000000,8.70000000,51,5.80000000,0.00000000,0
0.00041580,-134.88714870,18.70000000,1.10000000,171.40000000,0.00000000,5.20000000,100,0.90000000,0.00000000,0
0.00039540,-134.88689550,93.70000000,101.30000000,458.80000000,11.90000000,19.30000000,39,7.20000000,0.00000000,1
0.00055820,-134.88676610,90.70000000,194.10000000,643.00000000,6.80000000,16.20000000,63,2.70000000,0.00000000,1
0.00052360,-134.88671650,95.20000000,217.70000000,690.00000000,18.00000000,28.20000000,29,1.80000000,0.00000000,1
0.00050970,-134.88665100,91.60000000,248.40000000,753.80000000,6.30000000,20.50000000,58,2.70000000,0.00000000,1
0.00044420,-134.88673870,91.60000000,273.80000000,819.10000000,7.70000000,21.30000000,44,4.50000000,0.00000000,1
0.00034150,-134.88731390,91.60000000,181.30000000,613.00000000,7.60000000,20.90000000,50,2.20000000,0.00000000,1
0.00044380,-134.88707230,90.50000000,96.70000000,750.50000000,11.40000000,20.60000000,55,5.40000000,0.00000000,1
0.00043030,-134.88707950,90.90000000,18.90000000,30.60000000,8.00000000,11.60000000,48,5.40000000,0.00000000,0
0.00027660,-134.88685660,94.80000000,227.00000000,706.70000000,12.00000000,23.30000000,34,3.10000000,0.00000000,1
0.00037110,-134.88675030,94.80000000,227.00000000,706.70000000,12.00000000,23.30000000,34,3.10000000,0.00000000,0
0.00043630,-134.88687130,84.70000000,9.50000000,58.30000000,4.10000000,7.50000000,71,6.30000000,0.00000000,1
0.00048270,-134.88664180,91.10000000,91.30000000,738.10000000,7.20000000,20.70000000,46,2.70000000,0.00000000,1
0.00019220,-134.88733300,91.00000000,276.30000000,825.10000000,7.10000000,21.90000000,43,4.00000000,0.00000000,1
0.00028980,-134.88729500,93.40000000,15.00000000,25.60000000,11.40000000,15.20000000,19,7.60000000,0.00000000,0
0.00053150,-134.88689330,84.10000000,4.60000000,46.70000000,2.20000000,5.30000000,68,1.80000000,0.00000000,0
0.00049460,-134.88706300,85.00000000,9.00000000,56.90000000,3.50000000,10.10000000,62,1.80000000,0.00000000,1
0.00017490,-134.88703580,90.50000000,96.70000000,750.50000000,11.40000000,20.40000000,55,4.90000000,0.00000000,1
0.00057020,-134.88698080,91.60000000,181.30000000,613.00000000,7.60000000,24.30000000,33,3.60000000,0.00000000,1
0.00012800,-134.88729820,93.70000000,231.10000000,715.10000000,8.40000000,25.90000000,32,3.10000000,0.00000000,0
0.00051470,-134.88654570,93.30000000,49.50000000,297.70000000,14.00000000,28.00000000,34,4.50000000,0.00000000,0
0.00052000,-134.88665140,93.30000000,49.50000000,297.70000000,14.00000000,28.00000000,34,4.50000000,0.00000000,1
0.00035020,-134.88712880,91.10000000,88.20000000,731.70000000,8.30000000,22.80000000,46,4.00000000,0.00000000,1
0.00071980,-134.88671790,94.80000000,227.00000000,706.70000000,12.00000000,25.00000000,36,4.00000000,0.00000000,0
0.00056240,-134.88677120,90.70000000,194.10000000,643.00000000,6.80000000,21.30000000,41,3.60000000,0.00000000,0
0.00043200,-134.88726020,87.90000000,84.80000000,725.10000000,3.70000000,21.80000000,34,2.20000000,0.00000000,1
0.00017250,-134.88730670,94.60000000,212.10000000,680.90000000,9.50000000,27.90000000,27,2.20000000,0.00000000,0
0.00049370,-134.88691140,87.10000000,291.30000000,860.60000000,4.00000000,17.00000000,67,4.90000000,0.00000000,1
0.00038600,-134.88699810,84.70000000,8.20000000,55.00000000,2.90000000,14.20000000,46,4.00000000,0.00000000,0
0.00032450,-134.88699610,90.30000000,290.00000000,855.30000000,7.40000000,19.90000000,44,3.10000000,0.00000000,1
0.00042810,-134.88730860,92.30000000,96.20000000,450.20000000,12.10000000,23.40000000,31,5.40000000,0.00000000,0
0.00034960,-134.88699980,84.10000000,7.30000000,52.80000000,2.70000000,14.70000000,42,2.70000000,0.00000000,0
0.00031810,-134.88684100,84.60000000,3.20000000,43.60000000,3.30000000,8.20000000,53,9.40000000,0.00000000,1
0.00028020,-134.88669960,92.30000000,92.10000000,442.10000000,9.80000000,22.80000000,27,4.50000000,0.00000000,1
0.00047640,-134.88678240,93.70000000,231.10000000,715.10000000,8.40000000,26.40000000,33,3.60000000,0.00000000,0
0.00035490,-134.88690930,93.60000000,235.10000000,723.10000000,10.10000000,24.10000000,50,4.00000000,0.00000000,0
0.00045110,-134.88665650,94.80000000,222.40000000,698.60000000,13.90000000,27.50000000,27,4.90000000,0.00000000,1
0.00018410,-134.88692760,92.70000000,164.10000000,575.80000000,8.90000000,26.30000000,39,3.10000000,0.00000000,1
0.00041470,-134.88689420,93.40000000,17.30000000,28.30000000,9.90000000,13.80000000,24,5.80000000,0.00000000,0
0.00041090,-134.88729020,92.00000000,203.20000000,664.50000000,8.10000000,24.90000000,42,5.40000000,0.00000000,1
0.00048520,-134.88729870,91.60000000,181.30000000,613.00000000,7.60000000,24.80000000,36,4.00000000,0.00000000,1
0.00071720,-134.88674420,91.70000000,191.40000000,635.90000000,7.80000000,26.20000000,36,4.50000000,0.00000000,1
0.00043940,-134.88731420,95.20000000,217.70000000,690.00000000,18.00000000,30.80000000,19,4.50000000,0.00000000,0
0.00046910,-134.88678100,88.90000000,263.10000000,795.90000000,5.20000000,29.30000000,27,3.60000000,0.00000000,1
0.00018620,-134.88740030,91.20000000,94.30000000,744.40000000,8.40000000,22.30000000,48,4.00000000,0.00000000,1
0.00047920,-134.88674560,93.70000000,231.10000000,715.10000000,8.40000000,26.90000000,31,3.60000000,0.00000000,1
0.00020900,-134.88724580,91.60000000,248.40000000,753.80000000,6.30000000,20.40000000,56,2.20000000,0.00000000,0
0.00056040,-134.88670620,91.60000000,248.40000000,753.80000000,6.30000000,20.40000000,56,2.20000000,0.00000000,0
0.00045840,-134.88728820,92.10000000,207.00000000,672.60000000,8.20000000,27.90000000,33,2.20000000,0.00000000,1
0.00018420,-134.88735490,94.80000000,222.40000000,698.60000000,13.90000000,26.20000000,34,5.80000000,0.00000000,0
0.00033400,-134.88725430,91.60000000,181.30000000,613.00000000,7.60000000,24.60000000,44,4.00000000,0.00000000,1
0.00031740,-134.88690970,89.70000000,287.20000000,849.30000000,6.80000000,19.40000000,45,3.60000000,0.00000000,0
0.00020660,-134.88736420,92.10000000,178.00000000,605.30000000,9.60000000,23.30000000,40,4.00000000,0.00000000,1
0.00055000,-134.88682110,94.80000000,222.40000000,698.60000000,13.90000000,23.90000000,38,6.70000000,0.00000000,0
0.00034720,-134.88732710,93.60000000,235.10000000,723.10000000,10.10000000,20.90000000,66,4.90000000,0.00000000,1
0.00035810,-134.88744870,90.60000000,269.80000000,811.20000000,5.50000000,22.20000000,45,3.60000000,0.00000000,0
0.00043830,-134.88716210,90.80000000,84.70000000,376.60000000,5.60000000,23.80000000,51,1.80000000,0.00000000,0
0.00055240,-134.88680570,92.10000000,207.00000000,672.60000000,8.20000000,26.80000000,35,1.30000000,0.00000000,1
0.00052880,-134.88672660,89.40000000,253.60000000,768.40000000,9.70000000,14.20000000,73,2.70000000,0.00000000,0
0.00053610,-134.88730320,93.70000000,231.10000000,715.10000000,8.40000000,23.60000000,53,4.00000000,0.00000000,1
0.00021860,-134.88729360,91.10000000,91.30000000,738.10000000,7.20000000,19.10000000,46,2.20000000,0.00000000,1
0.00037150,-134.88706990,90.30000000,290.00000000,855.30000000,7.40000000,16.20000000,58,3.60000000,0.00000000,0
0.00045250,-134.88671340,92.10000000,207.00000000,672.60000000,8.20000000,25.50000000,29,1.80000000,0.00000000,1
0.00044260,-134.88685640,87.90000000,24.90000000,41.60000000,3.70000000,10.90000000,64,3.10000000,0.00000000,1
0.00021020,-134.88736300,90.70000000,80.90000000,368.30000000,16.80000000,14.80000000,78,8.00000000,0.00000000,0
0.00044940,-134.88735940,90.30000000,290.00000000,855.30000000,7.40000000,16.20000000,58,3.60000000,0.00000000,1
0.00036980,-134.88703650,94.00000000,47.90000000,100.70000000,10.70000000,17.30000000,80,4.50000000,0.00000000,0
0.00047680,-134.88694720,92.00000000,203.20000000,664.50000000,8.10000000,19.10000000,70,2.20000000,0.00000000,0
0.00039750,-134.88707050,93.40000000,17.30000000,28.30000000,9.90000000,8.90000000,35,8.00000000,0.00000000,0
0.00028290,-134.88678760,89.70000000,284.90000000,844.00000000,10.10000000,10.50000000,77,4.00000000,0.00000000,0
0.00041450,-134.88672850,91.60000000,181.30000000,613.00000000,7.60000000,19.30000000,61,4.90000000,0.00000000,0
0.00039320,-134.88713930,95.20000000,217.70000000,690.00000000,18.00000000,23.40000000,49,5.40000000,0.00000000,1
0.00037020,-134.88739710,90.50000000,196.80000000,649.90000000,16.30000000,11.80000000,88,4.90000000,0.00000000,1
0.00044390,-134.88679710,91.50000000,238.20000000,730.60000000,7.50000000,17.70000000,65,4.00000000,0.00000000,0
0.00035970,-134.88711230,89.40000000,266.20000000,803.30000000,5.60000000,17.40000000,54,3.10000000,0.00000000,0
0.00036440,-134.88720560,91.60000000,248.40000000,753.80000000,6.30000000,16.80000000,56,3.10000000,0.00000000,0
0.00030290,-134.88725180,94.60000000,160.00000000,567.20000000,16.70000000,17.90000000,48,2.70000000,0.00000000,0
0.00033850,-134.88725760,91.60000000,248.40000000,753.80000000,6.30000000,16.60000000,59,2.70000000,0.00000000,0
0.00029240,-134.88730540,91.70000000,191.40000000,635.90000000,7.80000000,19.90000000,50,4.00000000,0.00000000,1
0.00058090,-134.88664770,93.70000000,231.10000000,715.10000000,8.40000000,18.90000000,64,4.90000000,0.00000000,1
0.00032580,-134.88686210,91.60000000,273.80000000,819.10000000,7.70000000,15.50000000,72,8.00000000,0.00000000,1
0.00036490,-134.88716840,93.70000000,231.10000000,715.10000000,8.40000000,18.90000000,64,4.90000000,0.00000000,0
0.00058190,-134.88672050,93.70000000,231.10000000,715.10000000,8.40000000,18.90000000,64,4.90000000,0.00000000,0
0.00026880,-134.88741560,91.00000000,276.30000000,825.10000000,7.10000000,14.50000000,76,7.60000000,0.00000000,1
0.00036000,-134.88697870,75.10000000,4.40000000,16.20000000,1.90000000,4.60000000,82,6.30000000,0.00000000,1
0.00045380,-134.88684810,75.10000000,4.40000000,16.20000000,1.90000000,5.10000000,77,5.40000000,0.00000000,1
0.00023890,-134.88720410,79.50000000,3.60000000,15.30000000,1.80000000,4.60000000,59,0.90000000,0.00000000,1
0.00044630,-134.88685170,87.20000000,15.10000000,36.90000000,7.10000000,10.20000000,45,5.80000000,0.00000000,1
0.00032330,-134.88708280,90.20000000,18.50000000,41.10000000,7.30000000,11.20000000,41,5.40000000,0.00000000,1
0.00039690,-134.88691850,91.30000000,20.60000000,43.50000000,8.50000000,13.30000000,27,3.60000000,0.00000000,1
0.00034610,-134.88690070,91.00000000,14.60000000,25.60000000,12.30000000,13.70000000,33,9.40000000,0.00000000,1
0.00035500,-134.88707000,91.00000000,14.60000000,25.60000000,12.30000000,17.60000000,27,5.80000000,0.00000000,0
0.00036650,-134.88701120,89.60000000,25.40000000,73.70000000,5.70000000,18.00000000,40,4.00000000,0.00000000,1
0.00030370,-134.88680600,88.20000000,96.20000000,229.00000000,4.70000000,14.30000000,79,4.00000000,0.00000000,1
0.00040400,-134.88657950,90.50000000,61.10000000,252.60000000,9.40000000,24.50000000,50,3.10000000,0.00000000,1
0.00024630,-134.88709370,93.00000000,103.80000000,316.70000000,10.80000000,26.40000000,35,2.70000000,0.00000000,1
0.00046580,-134.88733880,93.70000000,121.70000000,350.20000000,18.00000000,22.70000000,40,9.40000000,0.00000000,1
0.00026990,-134.88708840,93.50000000,85.30000000,395.00000000,9.90000000,27.20000000,28,1.30000000,0.00000000,1
0.00032590,-134.88716040,93.70000000,101.30000000,423.40000000,14.70000000,26.10000000,45,4.00000000,0.00000000,1
0.00032260,-134.88681550,93.70000000,101.30000000,423.40000000,14.70000000,18.20000000,82,4.50000000,0.00000000,1
0.00035870,-134.88675220,89.20000000,103.90000000,431.60000000,6.40000000,22.60000000,57,4.90000000,0.00000000,1
0.00072560,-134.88672010,93.20000000,114.40000000,560.00000000,9.50000000,30.20000000,25,4.50000000,0.00000000,1
0.00024820,-134.88714750,93.20000000,114.40000000,560.00000000,9.50000000,30.20000000,22,4.90000000,0.00000000,0
0.00030480,-134.88723330,94.90000000,130.30000000,587.10000000,14.10000000,23.40000000,40,5.80000000,0.00000000,1
0.00047110,-134.88672430,94.90000000,130.30000000,587.10000000,14.10000000,31.00000000,27,5.40000000,0.00000000,0
0.00040240,-134.88720710,94.90000000,130.30000000,587.10000000,14.10000000,33.10000000,25,4.00000000,0.00000000,1
0.00034510,-134.88724880,95.00000000,135.50000000,596.30000000,21.30000000,30.60000000,28,3.60000000,0.00000000,1
0.00040560,-134.88707590,95.10000000,141.30000000,605.80000000,17.70000000,24.10000000,43,6.30000000,0.00000000,1
0.00031370,-134.88692920,95.10000000,141.30000000,605.80000000,17.70000000,26.40000000,34,3.60000000,0.00000000,1
0.00039160,-134.88706450,95.10000000,141.30000000,605.80000000,17.70000000,19.40000000,71,7.60000000,0.00000000,1
0.00042200,-134.88715210,95.10000000,141.30000000,605.80000000,17.70000000,20.60000000,58,1.30000000,0.00000000,0
0.00041480,-134.88714520,95.10000000,141.30000000,605.80000000,17.70000000,28.70000000,33,4.00000000,0.00000000,0
0.00028700,-134.88703260,95.80000000,152.00000000,624.10000000,13.80000000,32.40000000,21,4.50000000,0.00000000,0
0.00031670,-134.88726330,95.90000000,158.00000000,633.60000000,11.30000000,32.40000000,27,2.20000000,0.00000000,0
0.00019030,-134.88731520,95.90000000,158.00000000,633.60000000,11.30000000,27.50000000,29,4.50000000,0.00000000,1
0.00061190,-134.88692880,96.00000000,164.00000000,643.00000000,14.00000000,30.80000000,30,4.90000000,0.00000000,1
0.00062850,-134.88688170,96.20000000,175.50000000,661.80000000,16.80000000,23.90000000,42,2.20000000,0.00000000,0
0.00045700,-134.88710910,96.20000000,175.50000000,661.80000000,16.80000000,32.60000000,26,3.10000000,0.00000000,1
0.00027810,-134.88714940,96.10000000,181.10000000,671.20000000,14.30000000,32.30000000,27,2.20000000,0.00000000,1
0.00052560,-134.88689960,96.10000000,181.10000000,671.20000000,14.30000000,33.30000000,26,2.70000000,0.00000000,1
0.00045510,-134.88688950,96.10000000,181.10000000,671.20000000,14.30000000,27.30000000,63,4.90000000,6.40000000,1
0.00051790,-134.88681840,96.10000000,181.10000000,671.20000000,14.30000000,21.60000000,65,4.90000000,0.80000000,0
0.00038470,-134.88679350,96.10000000,181.10000000,671.20000000,14.30000000,21.60000000,65,4.90000000,0.80000000,0
0.00038570,-134.88700010,96.10000000,181.10000000,671.20000000,14.30000000,20.70000000,69,4.90000000,0.40000000,0
0.00033870,-134.88720080,94.50000000,139.40000000,689.10000000,20.00000000,29.20000000,30,4.90000000,0.00000000,1
0.00018460,-134.88712800,94.50000000,139.40000000,689.10000000,20.00000000,28.90000000,29,4.90000000,0.00000000,1
0.00015780,-134.88728430,91.00000000,163.20000000,744.40000000,10.10000000,26.70000000,35,1.80000000,0.00000000,1
0.00008900,-134.88736170,91.00000000,166.90000000,752.60000000,7.10000000,18.50000000,73,8.50000000,0.00000000,0
0.00036830,-134.88730930,91.00000000,166.90000000,752.60000000,7.10000000,25.90000000,41,3.60000000,0.00000000,0
0.00011150,-134.88732760,91.00000000,166.90000000,752.60000000,7.10000000,25.90000000,41,3.60000000,0.00000000,1
0.00044180,-134.88692860,91.00000000,166.90000000,752.60000000,7.10000000,21.10000000,71,7.60000000,1.40000000,1
0.00041590,-134.88695650,91.00000000,166.90000000,752.60000000,7.10000000,18.20000000,62,5.40000000,0.00000000,1
0.00045130,-134.88671270,81.60000000,56.70000000,665.60000000,1.90000000,27.80000000,35,2.70000000,0.00000000,0
0.00034290,-134.88708790,81.60000000,56.70000000,665.60000000,1.90000000,27.80000000,32,2.70000000,0.00000000,1
0.00043060,-134.88722100,81.60000000,56.70000000,665.60000000,1.90000000,21.90000000,71,5.80000000,0.00000000,1
0.00046020,-134.88672400,81.60000000,56.70000000,665.60000000,1.90000000,21.20000000,70,6.70000000,0.00000000,1
0.00044460,-134.88737430,94.40000000,146.00000000,614.70000000,11.30000000,25.60000000,42,4.00000000,0.00000000,0
0.00030000,-134.88695450,79.50000000,3.00000000,106.70000000,1.10000000,11.80000000,31,4.50000000,0.00000000,0
